epoch,error
100,0.152155
200,0.046367
300,0.020636
400,0.012580
500,0.008868
600,0.006783
700,0.005463
800,0.004557
900,0.003901
1000,0.003405
