epoch;error
50;0.02237
100;0.01162
150;0.006438
200;0.006333
250;0.006294
300;0.006272
350;0.006256
400;0.006244
450;0.006234
500;0.006225
