epoch,error
1000,2.9790572630816667
2000,1.4528639852721934
3000,1.0073500140013962
4000,0.764346461401412
5000,0.5827943361103823
6000,0.4530739499538157
7000,0.3488489653133797
8000,0.28028650387003645
9000,0.2253929801856885
