epoch,error
50,0.016683
100,0.015354
150,0.010440
200,0.011155
250,0.011528
300,0.009774
350,0.006382
400,0.006177
450,0.006132
500,0.006108
