epoch,error
50,0.103620
100,0.060583
150,0.020742
200,0.015801
250,0.014191
300,0.013397
350,0.012812
400,0.012194
450,0.011418
500,0.010490
